0,sensor1,1.0
0,sensor1,1.0
1,sensor2,2.0
1,sensor3,3.0
3,sensor2,5.0
1,sensor1,2.5
1,sensor3,3.0
6,sensor2,9.666666666666666
1,sensor3,3.0
3,sensor1,6.5
7,sensor1,11.0
6,sensor2,13.5
7,sensor3,21.0
9,sensor3,24.0
6,sensor2,19.0
9,sensor1,18.666666666666668
